geohash,demand
0,0.018497644628780976
1,0.0294325672228641
2,0.00290157073096225
3,0.03656369270621182
4,0.04004764036966515
5,0.02001422108563211
6,0.023295277113360567
7,0.03398183410370854
8,0.03994414921236607
9,0.03851965581294627
10,0.03174206167030071
11,0.04957165965371991
12,0.05459311013569155
13,0.0908567852389078
14,0.013993731212375498
15,0.04389714873185336
16,0.13532525393115302
17,0.19058081239287616
18,0.04012033224016468
19,0.06800101738402374
20,0.1344867253489026
21,0.09653282907771246
22,0.029299701396991243
23,0.15219889238137085
24,0.07128567797421011
25,0.20876610090432915
26,0.04155541356989651
27,0.08217781250629116
28,0.49246096708656684
29,0.30702101958671213
30,0.13440088363146238
31,0.3273999329470959
32,0.027227836619925692
33,0.02331837671056445
34,0.026501993936682726
35,0.021863835457499866
36,0.03078964782309793
37,0.02731901527069574
38,0.01691945618961168
39,0.01008667107704985
40,0.058765362244113016
41,0.019803865420350952
42,0.018435547893117483
43,0.02132704084694041
44,0.06515386392049684
45,0.030130171665006766
46,0.013932910225870607
47,0.03235627736012424
48,0.03147673409577307
49,0.19700858660622134
50,0.015510169121811112
51,0.008233832456593527
52,0.012705266300050849
53,0.010341104297034389
54,0.019261737739220002
55,0.03372263237504333
56,0.044672169247551755
57,0.04515430777770141
58,0.04319461140873856
59,0.005948088545053419
60,0.060533406580137915
61,0.046349138488483765
62,0.07772491011341431
63,0.03955878574654868
64,0.08284708364944383
65,0.00412049596839452
66,0.005676170132666495
67,0.0775464612181847
68,0.05060769384629065
69,0.047892605747518864
70,0.05307665054619797
71,0.07537113826832816
72,0.10798662244289513
73,0.031255425816028436
74,0.024479859867106955
75,0.2356342257809326
76,0.08285697024027328
77,0.02448221596692665
78,0.015851488168820985
79,0.05312803686543342
80,0.2814203632267838
81,0.11008014037821061
82,0.09335951635360779
83,0.1448982003270521
84,0.08349445019617188
85,0.16421313324228357
86,0.09537259550983979
87,0.05398964517479167
88,0.012813477652897368
89,0.06536989238211185
90,0.010597048894124486
91,0.014301362243138837
92,0.0917169631563772
93,0.03150287783823573
94,0.0963902607759912
95,0.06271873680146418
96,0.06031698935766409
97,0.015076614112747619
98,0.04082309509240969
99,0.02458889962703207
100,0.051352456503259675
101,0.01690695457957671
102,0.03393157509357075
103,0.03947936560562291
104,0.04866824985088794
105,0.06249835125332695
106,0.0590128628882465
107,0.09049798907208736
108,0.05409075694153876
109,0.04919530052802342
110,0.038781883714410444
111,0.04919478724058998
112,0.09534804978092697
113,0.0810397016374001
114,0.0757275940682113
115,0.10269096702504066
116,0.0833304586693241
117,0.3622167113493951
118,0.4978783886550889
119,0.05489148850922123
120,0.13635124656452016
121,0.014950575775611862
122,0.12914611871775808
123,0.01619448939511622
124,0.005517690777982383
125,0.036382255916528126
126,0.007063713659418937
127,0.09385640310020299
128,0.0091846951455427
129,0.11619665970681024
130,0.06197816142687742
131,0.005514833993358484
132,0.010622334063054852
133,0.21473192626883705
134,0.029058605321439144
135,0.10618905452537498
136,0.1418606205124339
137,0.2166863484089764
138,0.09727711780596024
139,0.07752562229428533
140,0.0685965621829632
141,0.08652964882023453
142,0.01437285781149904
143,0.052295977571006645
144,0.10428807760037831
145,0.021197182604564713
146,0.012205233847397712
147,0.05011741224795893
148,0.08596174829665089
149,0.060647036704587515
150,0.04786436850686399
151,0.11547188222077766
152,0.06433807486200716
153,0.06397296739091259
154,0.12318659588436545
155,0.03422133896322809
156,0.04721258751853771
157,0.0618879253534903
158,0.07339584945436349
159,0.027178252985096085
160,0.11080431906165276
161,0.08590279094194853
162,0.10111650659969701
163,0.1525814711969833
164,0.0697199582072756
165,0.10730194216026884
166,0.08049715762230718
167,0.008500824855038627
168,0.01857600127394953
169,0.016622665448056313
170,0.036635888663157375
171,0.0459553123206569
172,0.07486974951201057
173,0.053626471906066155
174,0.08430078390387628
175,0.01628280320224545
176,0.016097828293744395
177,0.029642396621918952
178,0.018294498746442782
179,0.004295439463069912
180,0.007916692183474868
181,0.004484694608724743
182,0.004923615262026493
183,0.05059601304458493
184,0.013873776136170017
185,0.030458542336460184
186,0.025168939456594333
187,0.011336313773426424
188,0.013573553834312085
189,0.027302662402152685
190,0.014160861470548586
191,0.0035365887985337
192,0.011414495775810347
193,0.02562455585819565
194,0.00245632824513538
195,0.00528053519422579
196,0.04120912502176817
197,0.1166151689363421
198,0.011150965284134166
199,0.1439396082629509
200,0.07390769223273694
201,0.03441476500696527
202,0.041581717494553846
203,0.0364204194095375
204,0.17865359658175525
205,0.30398156129290793
206,0.01668698254976073
207,0.24083597237072274
208,0.19238110574643422
209,0.1421131032304043
210,0.5653760177218105
211,0.4168881540184336
212,0.029925473401394512
213,0.046269405615508505
214,0.0382841475919878
215,0.07022951960733897
216,0.05619278042391019
217,0.024537284431179075
218,0.04672327433377976
219,0.06805344111568151
220,0.10000735718217514
221,0.06740263695599016
222,0.19144508045293251
223,0.09628410357747301
224,0.06318265310351166
225,0.07968606936228721
226,0.14622188274568879
227,0.32926756337351315
228,0.025361936656620187
229,0.09992182548776653
230,0.0788625149519612
231,0.10124782159992243
232,0.055606596137149224
233,0.17989312630084126
234,0.07830297458933283
235,0.1535264904895814
236,0.08056451534788144
237,0.06459195647015253
238,0.04302820102132875
239,0.04820733886426649
240,0.06787862419178212
241,0.08871053916098845
242,0.12373699477089074
243,0.14002257155162914
244,0.19385261367482365
245,0.21314963697574035
246,0.26246839781169584
247,0.5753835300011187
248,0.1377150421150421
249,0.1958906835467481
250,0.08226418287120785
251,0.0982136154387008
252,0.19758001296156047
253,0.22041183214714385
254,0.11587099917152235
255,0.17410198833415988
256,0.43085436346020817
257,0.6311937760706723
258,0.3960574144982353
259,0.21823301696589278
260,0.0077036578919555
261,0.010155900134620248
262,0.035613236288909375
263,0.010571334596409172
264,0.005889390530928318
265,0.0040177546027976
266,0.0291880276637748
267,0.06017868579485116
268,0.11469920482614163
269,0.08789702897535993
270,0.5445246839599573
271,0.11345231804303842
272,0.09610501243008454
273,0.07034254217036007
274,0.02974450008346251
275,0.20194759905530735
276,0.02263475337932113
277,0.016856104660843068
278,0.0021991457358311
279,0.008908786770041102
280,0.0012644332501157
281,0.10100532816155589
282,0.0658967400987965
283,0.051825088549225504
284,0.04182720683214719
285,0.020876162659760417
286,0.03890862076450824
287,0.06379242931948828
288,0.040219533034203586
289,0.1469602695348729
290,0.025481201710607762
291,0.3514705159117581
292,0.002609706455071
293,0.038002549001513196
294,0.013343271267371599
295,0.0074920090312763045
296,0.016437033023162705
297,0.1316112667750635
298,0.09151967348486446
299,0.19322850874885253
300,0.13892427423503048
301,0.03396545834150494
302,0.02733597635151822
303,0.15158126579634795
304,0.05660242819762633
305,0.033350179564657266
306,0.008427418989071856
307,0.016574388409624257
308,0.01054553128935534
309,0.024970610241162334
310,0.012817203897666161
311,0.005065575206574688
312,0.015901684114929062
313,0.023745026700244812
314,0.22935807131587246
315,0.04939730835439562
316,0.4668944611539678
317,0.021775094901262653
318,0.00049502635651215
319,0.24293504837833968
320,0.012253399292495163
321,0.010692167188312215
322,0.037803609148267366
323,0.027137299124349663
324,0.009118061184928992
325,0.012601379365383874
326,0.0225662115555118
327,0.008316566753745726
328,0.00525808701002235
329,0.00784564906407471
330,0.00968388598640625
331,0.006011802945012959
332,0.007232786361323899
333,0.007918735395204317
334,0.013565214580775649
335,0.027108532043148063
336,0.012006743290663875
337,0.011471332790285104
338,0.08479731738610202
339,0.009804045821335167
340,0.023155015707044223
341,0.004510648321496584
342,0.015608429546350255
343,0.12599811474456915
344,0.010963303023327736
345,0.01655583699531478
346,0.03962727381122149
347,0.017808289806015527
348,0.007393281862870952
349,0.06615448607758123
350,0.010933523554991156
351,0.020766688319928634
352,0.010769052693798555
353,0.003912327633762086
354,0.010636591688568712
355,0.010133011635303056
356,0.006812846574000537
357,0.004254969220299548
358,0.009401372597255587
359,0.015080440878816898
360,0.04231877198960411
361,0.026462862573353656
362,0.029406530452278066
363,0.008222563728781229
364,0.03329036260335696
365,0.033332519549712496
366,0.04384929340529658
367,0.0246665343680337
368,0.028002325008575437
369,0.14265000624545665
370,0.1279311027637936
371,0.11188963723849386
372,0.056715362619448574
373,0.010958610230201098
374,0.04180819296038162
375,0.043628056806365084
376,0.06765360795324743
377,0.01997148842349169
378,0.0007801681701324
379,0.023832244146437965
380,0.024661735095161723
381,0.04023116809830031
382,0.02492705740447028
383,0.13320667323064106
384,0.10819591952904693
385,0.02955618404720313
387,0.018630031683918965
388,0.04364857068339644
389,0.08704179882857066
390,0.05872734339104037
391,0.14213197526829213
392,0.0025821521519607
393,0.012640584905613934
394,0.030046455468844203
395,0.009336104508840168
396,0.0031610011563186
397,0.006295350598906433
398,0.0029938976716226
399,0.01170685409176607
400,0.0133258039701822
401,0.0063472658616503695
402,0.008741207363972605
403,0.025224282163905164
404,0.007418065384729065
406,0.0036375191674822
407,0.0070053775382386
408,0.001853536094442
409,0.0047072564486455
410,0.00600403162584657
411,0.013888303990193815
412,0.03568025270990494
413,0.021466437970988447
414,0.01972360609279365
415,0.040296985710791045
416,0.05029812927574101
417,0.0065586377208782
418,0.014381003769756947
419,0.0013482263204758667
420,0.011387287797396709
421,0.03207011854730019
422,0.038292931591478986
423,0.016699583001978296
424,0.05867572627238133
425,0.0096213827611599
426,0.013605220055687211
427,0.013135376531295578
428,0.3092686481691771
429,0.02949470843930883
430,0.10631149139560704
431,0.03402459561228788
432,0.18529446705332425
433,0.069279668593757
434,0.02186501153740688
435,0.2531215311594491
436,0.02102110286218795
437,0.06528165385265693
438,0.29366532563976405
439,0.22213516461180982
440,0.04971968714984267
441,0.2694867605019601
442,0.08255091052438789
443,0.02449929642679328
444,0.1814537551888916
445,0.13258660280616583
446,0.015366836257183448
447,0.017523374412791125
448,0.021889189055715796
449,0.04667242276240124
450,0.250578096713207
451,0.3352296928581264
452,0.0065982071647329495
453,0.036505422271891644
454,0.0401011914399692
455,0.006967713542561275
456,0.0093136173667011
457,0.0017010097223995
459,0.0093458705463197
460,0.004920733274057436
461,0.010619410852965116
462,0.05141775312043295
464,0.020683235955626524
465,0.008768428025300033
466,0.00600494119058328
467,0.07735402927572024
468,0.016625221013254744
469,0.018658576360336444
470,0.021928622650993112
471,0.010963821477962682
472,0.05595922172920956
473,0.10386790859006692
474,0.06572061409966586
475,0.06984300168598026
476,0.01581206077688363
477,0.011406236048649604
478,0.05606336221108114
479,0.16486724233343772
480,0.06757764608218747
481,0.18624119730760444
482,0.03453082405132746
483,0.04595297624287026
484,0.04553776031939159
485,0.05447449241360396
486,0.13773577112554952
487,0.16460830989890043
488,0.16134768863781646
489,0.1881731719314274
490,0.17147783435251426
491,0.06985068901968636
492,0.1955277865318086
493,0.10297983292602823
494,0.047152177367892824
495,0.06573438486451734
496,0.16585501379441875
497,0.08341911184042074
498,0.0130479602919618
499,0.006902668660413217
500,0.0050916078843259
501,0.022891636235225197
502,0.009181209789346582
503,0.006177647104126933
504,0.00999156944660553
505,0.005218343654433434
506,0.008465154316478759
507,0.06782371975208927
508,0.036669197451480125
509,0.0092364364668778
510,0.019439425407221985
511,0.008961210066840494
512,0.041580394344250454
513,0.0008153758160185
514,0.0080869213493703
515,0.0074951036263589
516,0.0031779057143256997
517,0.007211928978201867
518,0.024686043367039744
519,0.024893619403910272
520,0.08683274215296326
521,0.009184554331335018
522,0.01861551713524164
523,0.04323827120762178
524,0.04227236911444926
525,0.13015708995441214
526,0.1427434002700311
527,0.07833529218362083
528,0.017594177411060775
529,0.041259125878916836
530,0.0075234441064009495
531,0.005783218916723333
532,0.03532923196404172
533,0.06470991397375483
534,0.022015071202898046
535,0.046900190440844904
536,0.016812286049270167
537,0.02789364383806749
538,0.05269366413119005
539,0.050069225498510145
540,0.014055507117066818
541,0.013145890815287487
542,0.010389441644352399
543,0.017692037908373485
544,0.020004895274308373
545,0.020568310481028234
546,0.04013853541373772
547,0.03700732510161179
548,0.2173986293971919
549,0.04085415456817124
550,0.18307272279922512
551,0.35620587654577174
552,0.010388271846504744
553,0.051081739610250344
554,0.00849519555610087
555,0.0093416767516824
556,0.039017781407451886
557,0.08884654513082535
558,0.03419461117685861
559,0.02033802087546535
560,0.27420314361677306
561,0.0547454395761676
562,0.04744602053713666
563,0.06804127575141082
564,0.012208877610563775
565,0.00266686332185585
566,0.021121042907441122
567,0.04493617664794249
568,0.028363302738601985
569,0.03057285612291644
570,0.03566717344289961
571,0.014744128978829003
572,0.01581181500381593
573,0.004464008445095767
574,0.006102241876481225
575,0.00764692213795765
576,0.0170330370484688
577,0.027424542567016104
578,0.025311784799106903
579,0.0326656935216493
580,0.012362486427930135
581,0.08471903826943647
582,0.09243969694717682
583,0.022891604723427775
584,0.011649260165998637
585,0.029926856313123775
586,0.09394547954920189
587,0.05880420769649892
588,0.04568226397230819
589,0.015043737516745712
590,0.0440382524884383
591,0.04771529164798896
592,0.06932731789657323
593,0.09819795889708445
594,0.029097289137791225
596,0.03631732981883386
597,0.020427321831969488
598,0.08541376938301924
599,0.04304035123457117
600,0.019090446021343074
601,0.04312126222516268
602,0.18572396427221108
603,0.08114815987195323
604,0.02080925950304613
605,0.0769538955207945
606,0.008995251664127795
607,0.04579326137281101
608,0.09693344650289061
609,0.04776289961104204
610,0.6000396445803963
611,0.6504681898637132
612,0.05454514134014276
613,0.18789428819340262
614,0.3543844265165872
615,0.6037231477235571
616,0.24760844233325602
617,0.6656302190113994
618,0.23995438048290757
619,0.3682153064314911
620,0.034024209989923886
621,0.03347203810054061
622,0.04809981404732228
623,0.012456545488405675
624,0.05572844570484011
625,0.12203563911356427
626,0.06583656054436944
627,0.03564187546168974
628,0.03019883451478924
629,0.04576137180400266
630,0.017029772189034086
631,0.0673695571048237
632,0.04885306030655533
633,0.14022588855258508
634,0.06397103405087187
635,0.06937198077314621
636,0.03241659144492166
637,0.007326829433606874
638,0.13631945459136596
639,0.004984356313684375
640,0.0057447979972763
641,0.00109094267182505
642,0.005835887699661316
643,0.0053517072271663
644,0.24269136354033533
645,0.037860385405774744
646,0.1366389015636577
647,0.2059347402539571
648,0.022148391073764838
649,0.005568009137806187
650,0.11497097407571666
651,0.023609364051778887
652,0.04099172483241781
653,0.08679801741606033
654,0.10982568626933072
655,0.03593254000892177
656,0.05721500148882608
657,0.11796372156776319
658,0.10269398735332033
659,0.34611510462890677
660,0.06822490458857702
661,0.028758222901842788
662,0.00652715892467735
663,0.02122358621043851
664,0.08060013589898779
665,0.048910032121001486
666,0.031121583278914084
667,0.025208485362080632
668,0.1121889732502464
669,0.3471681130688453
670,0.19142051757668155
671,0.07310383700146389
672,0.2121481576109064
673,0.2834022665241438
674,0.08814553719728471
675,0.11212638955915234
676,0.013120428956273824
677,0.00650215499413465
678,0.02259167999802701
679,0.10851600863876817
680,0.09949492311913534
681,0.11044756360610641
682,0.07659889843600644
683,0.031499001650601446
684,0.08328829415325877
685,0.02877852699609918
686,0.08379085148271134
687,0.05396429553427907
688,0.07869466215444143
689,0.08585918844337832
690,0.08434944867853937
691,0.11126049675130313
692,0.039206062703204786
693,0.13212219977714634
694,0.023362816803213338
695,0.01799559439075051
696,0.12051171558959113
697,0.05954470287467427
698,0.005677930645612047
699,0.007392242538819667
700,0.039136956378671414
701,0.03332481667489093
702,0.061145724094473525
703,0.06146751784312003
704,0.04276707013747304
705,0.10251271764779742
706,0.01925332750846919
707,0.028862588768440937
708,0.04354738416491885
709,0.029833924693253983
710,0.12236031882299206
711,0.05595454086136039
712,0.06952856854888972
713,0.0783172810280473
714,0.21539466067961982
715,0.07522076970025857
716,0.3439517402557232
717,0.22908502201497755
718,0.09187883039275316
719,0.09310836291759768
720,0.22146526189227225
721,0.093202969613078
722,0.026149955502144502
723,0.07619523972153204
724,0.04510175273547541
725,0.023196823588573983
726,0.047977797223264035
727,0.0055729387460765
728,0.013027947263695938
729,0.0009223410783165
730,0.023173962090505207
731,0.0033848464968189575
732,0.0097188529172845
733,0.00568969280539375
734,0.010766130953900877
735,0.01232750811631309
736,0.03824525356144368
737,0.026134372540897927
738,0.012558261862978115
739,0.07382569447170595
740,0.012577668569787061
741,0.01000791652013979
742,0.01738391943171862
743,0.10892485189513383
744,0.0050571761135617
745,0.06957948232620735
746,0.0037288763839497
747,0.041709493811849026
748,0.018171927482106515
749,0.007191900327688811
750,0.047581554118550785
751,0.006083413320855131
752,0.01142863910103982
753,0.03812608500891732
754,0.01838500048476261
755,0.07140674022956355
756,0.012637020188781512
757,0.015608272769036638
758,0.01630662201985283
759,0.0025985370867426
760,0.022385049111436312
761,0.6647218090306128
762,0.6434979602334918
763,0.02119957870615706
764,0.11143130628061892
765,0.26468188653954755
766,0.2620261345192773
767,0.6693183632537806
768,0.9607147732545633
769,0.37366351029417394
770,0.6614621091118046
771,0.22739415778756494
772,0.18172882492216125
773,0.12347878122663637
774,0.12188075714264113
775,0.2386194319034366
776,0.16198365274832113
777,0.17702578032045505
778,0.0526808089205618
779,0.08774409113523751
780,0.04008260104641222
781,0.014740275704185579
782,0.03745868856576781
783,0.046126677048301264
784,0.02400337149781793
785,0.0135798348502966
786,0.00386772386505185
787,0.008687514996414012
788,0.01565508697916366
789,0.008911215955963007
790,0.0976584635739501
791,0.014545611319401882
792,0.04170579663445454
793,0.06213483981707597
794,0.864988906975942
795,0.02449817692821459
796,0.10586448764458488
797,0.050905343282447266
798,0.10510728637346889
799,0.023600606051277846
800,0.013172810397130941
801,0.08633290944456833
802,0.017092160622450427
803,0.01107087851653034
804,0.3238561908185509
805,0.05280380694756573
806,0.1759771095705577
807,0.1056687313447238
808,0.02773598706276242
809,0.029802280782725406
810,0.5700858609409176
811,0.05367089101493668
812,0.004866510745845427
813,0.017147935112101317
814,0.005738090060504223
815,0.0022846274178573802
816,0.04173121204345682
817,0.2663950567519442
818,0.01672955916321526
819,0.07400473386092224
820,0.021188459427441325
821,0.06343512662823962
822,0.012033570697040322
823,0.03135456034267835
824,0.017865312057251653
825,0.012494057007992089
826,0.02460328742239029
827,0.030806941597501754
828,0.012470487431858898
829,0.09592149320997216
830,0.0321805868704651
831,0.0053356104388628
832,0.04478323327713857
833,0.01507436653087473
834,0.014155919720713743
835,0.05939121423938741
836,0.025240419404508375
837,0.06491218446802141
838,0.03585186066520289
839,0.0834391358392676
840,0.14974726453231077
841,0.010182993549699601
842,0.04914203688002221
843,0.8688501280856626
844,0.1413494101378133
845,0.017699482591761424
846,0.031222129494245476
847,0.0407918133313753
848,0.035536679655253964
849,0.08480202696759306
850,0.025865807177010574
851,0.0860461995956766
852,0.09954504438864425
853,0.03510478471530259
854,0.054258501109552076
855,0.09986121834857443
856,0.11088239230074291
857,0.04437376794799688
858,0.10344495967992348
859,0.02311619731260939
860,0.07029954085601713
861,0.008958051853541956
862,0.0046696692878009
863,0.01129250142418023
864,0.013573287177544944
865,0.011057553962414614
866,0.05116692343125658
867,0.06250791304794741
868,0.14293010232156655
869,0.015177811468404417
870,0.014419710362854374
871,0.018798082033658892
872,0.02887363341652343
873,0.009724139339807715
874,0.07645017486099383
875,0.06417926811925766
876,0.025339951550878217
877,0.06295939938410815
878,0.06600979973452582
879,0.09156169556511343
880,0.08737039836554296
881,0.034569135290815935
882,0.06340716260548458
883,0.00611659925178308
884,0.013385546980414737
885,0.03274906520053016
886,0.003756912878214133
887,0.010468247890745564
888,0.0045136696922345836
889,0.157440491588615
890,0.13036842078291752
891,0.01899086638015994
892,0.08330065028091138
893,0.0491819915574589
894,0.018600035611201257
895,0.015242730836487263
896,0.016199550731404853
897,0.039219272340386746
898,0.08701630090811063
899,0.05366425468920964
900,0.012718566930932892
901,0.009443075487557443
902,0.02674462835510867
903,0.012202025030787367
905,0.011494235531917833
906,0.005681428239547585
907,0.00166875683722
908,0.014655874899385477
909,0.009816819686795205
910,0.0090578300974007
911,0.0059878827548384
912,0.008331749173001878
913,0.010366843303002594
914,0.004351019823920066
915,0.00903835188142383
916,0.05323058292903658
917,0.14425095794028595
918,0.008183907613485515
919,0.006516383701129007
920,0.01030389180504135
921,0.0064212054508612
922,0.0320831507524677
923,0.02482303969457218
924,0.019230249177999044
925,0.01855588778794295
926,0.028860030068964853
927,0.10537367898859862
928,0.047686845917625356
929,0.017780216528122433
930,0.006829610509169257
931,0.023919178657121027
932,0.0007928562218901
933,0.010296345326150685
934,0.0074686735881968076
935,0.028042903681807358
936,0.021580744137472928
937,0.008634548278242378
938,0.058652154894852614
939,0.01860745242129685
940,0.014490816129823786
941,0.00254906527339524
942,0.016533348164911317
943,0.00868528038796956
944,0.016658520088311254
945,0.012639573467704116
946,0.04072329967711156
947,0.017474131102775858
948,0.17933798546706922
949,0.051332420235029666
950,0.07080195364816556
951,0.024494176227584055
952,0.25165762437665395
953,0.05752057443227054
954,0.02711458915293674
955,0.02838652838214921
956,0.005177114031380245
957,0.0127847822208423
958,0.009945555627639147
959,0.017988683052386725
960,0.012093143970976208
961,0.014250137252925127
962,0.005666525028931925
963,0.014878997303379075
964,0.0033246806781362663
965,0.00437371758789405
966,0.019321104142007498
967,0.06628334922118492
968,0.0064280791905658
969,0.016689095224711063
970,0.010044376816762228
971,0.015358921229286985
972,0.012403693846966225
973,0.01109126739752537
974,0.05276649932235333
975,0.024548211630127575
976,0.0028575314029996
977,0.01166436780729421
978,0.010304833207850101
979,0.0129663951990658
980,0.0073202770739250675
981,0.010387153079048108
982,0.004889534438569983
983,0.01689735161907788
984,0.007436014818796656
985,0.00821947563064555
986,0.008170131956099792
987,0.012047711196853153
988,0.001510711800616175
989,0.05813583159277007
990,0.09596205356019016
991,0.19874082576402377
992,0.2036852058733471
993,0.0730880256341863
994,0.023817538909685014
995,0.1665148748428801
996,0.13011109849813776
997,0.025685545420618353
998,0.019605433016246874
999,0.06615804238713693
1000,0.03837509127552001
1001,0.08759466026440764
1002,0.08032866185821912
1003,0.04999632916219912
1004,0.17995566593432055
1005,0.0423520660448272
1006,0.025733603770873855
1007,0.06589458679186982
1008,0.02000322507434359
1009,0.04305140120497387
1010,0.015177803800308799
1011,0.08238753104728344
1012,0.08272455132383248
1013,0.03244041776025003
1014,0.09410644366696032
1015,0.16451073628166674
1016,0.00098392435399515
1017,0.035002888754520484
1018,0.03592610732922791
1019,0.046874269010129165
1020,0.07356992967192637
1021,0.008724808689461964
1022,0.010452430787130366
1023,0.032226806110990276
1024,0.010437431449720274
1025,0.018763920712201745
1026,0.04096363680710017
1027,0.10575463988728066
1028,0.016290423452740732
1029,0.12934173350975672
1030,0.0034028551468156336
1031,0.01965297050505146
1033,0.03871521542602282
1034,0.038870047673119974
1035,0.17031123450378233
1036,0.09070170459858987
1037,0.02394219352634274
1038,0.011845785101699377
1039,0.02706424060010223
1040,0.01694143853632522
1041,0.014521032630143208
1042,0.009994909037818753
1043,0.058745585900462055
1044,0.011120891092915093
1045,0.010572068058757269
1046,0.014580165189248236
1047,0.026587716519333365
1048,0.18355130070625694
1049,0.017846643819585856
1050,0.02821339346373172
1051,0.014491177015942418
1052,0.01684727454234207
1053,0.03974144112647036
1054,0.03172942313136972
1055,0.020380017226064816
1056,0.022704647398239155
1057,0.02165305021208129
1058,0.005023709170947
1059,0.04212168200077401
1060,0.11890402824427107
1061,0.025148238230097986
1062,0.3199629692073678
1063,0.04627363126529112
1064,0.04070172174117305
1065,0.5682742499643878
1066,0.1792815572540479
1067,0.17032760023636764
1068,0.07696966391061873
1069,0.03442951072054259
1070,0.006300248677533407
1071,0.011078415917896298
1072,0.02271203276067382
1073,0.00567809464871225
1074,0.005758203207215157
1075,0.0036574555864491
1076,0.006791096665933967
1077,0.011177878913216938
1078,0.04440144027693289
1079,0.0143806180616919
1081,0.05832735055420038
1082,0.16984214977885614
1083,0.11830119126269976
1084,0.053742927510258956
1085,0.02383485838253883
1086,0.08495462342310497
1087,0.018871848744610512
1088,0.017012738757917582
1089,0.02251784360958692
1090,0.01683447028235572
1091,0.016847554351824726
1092,0.0066593094377931
1093,0.0047222436221273
1094,0.042093034197988315
1095,0.008159546544727335
1096,0.006393554269082575
1097,0.0061358606776683
1098,0.2768421172828962
1099,0.003461635844352
1101,0.03403294015528625
1102,0.0237770186582087
1103,0.016328169469958808
1104,0.13780039480421383
1105,0.060793258773244006
1106,0.031531691102631564
1107,0.019255775963702884
1108,0.050436042568523486
1109,0.018583031409671446
1110,0.0046804863302706
1111,0.007731335308260224
1112,0.0070577229240442645
1113,0.004002169478512025
1114,0.013737600665055432
1115,0.010687341351135263
1116,0.005305451602371326
1117,0.015098366867964496
1118,0.026790574622260817
1119,0.0038104989718898002
1120,0.06433826190386067
1121,0.027814234627591278
1122,0.014624409701796544
1123,0.009994222156106446
1124,0.01846464212104053
1125,0.012854434105015867
1126,0.00468337152090455
1127,0.01067067170494213
1128,0.0123742961068647
1129,0.007098303604171933
1130,0.022884180608657146
1131,0.015770781368939328
1132,0.01266087190089031
1133,0.008989725092210845
1134,0.014550347212223976
1135,0.01474230281531757
1136,0.012109138289182062
1137,0.027315030859148333
1138,0.003988420868961563
1139,0.009155765285567715
1140,0.015144944101372917
1141,0.014610742287582457
1142,0.006175019838374222
1143,0.008807920290539072
1144,0.01310760218944064
1145,0.011118562391495055
1146,0.013621814481168112
1147,0.015447175506279949
1148,0.08422096359497129
1149,0.007284068339573367
1150,0.00717460639395455
1151,0.06422979756739962
1152,0.029322690540802193
1153,0.009554523993741982
1154,0.0020084117942783
1155,0.008277580519336757
1156,0.007901231430382813
1157,0.010405376543190856
1158,0.015800923615552336
1159,0.0085229441407129
1160,0.05388173564510366
1161,0.021241543199867523
1162,0.10823253875122381
1163,0.04605200010156219
1164,0.0083497162846558
1165,0.06643749093320202
1166,0.0070731192390241
1167,0.013026319076182886
1168,0.014412052579283251
1169,0.026510125243511328
1170,0.1392083024938703
1171,0.1049638958426312
1172,0.048000694123998044
1173,0.016408965093197916
1174,0.02713385238234986
1175,0.11321955558790375
1176,0.008194594464830236
1177,0.07522667758072636
1178,0.0426066110551293
1179,0.06066646158391737
1180,0.08986267355419073
1181,0.05010470698931975
1182,0.0025265581952244
1183,0.0039440517822009
1184,0.0040302860824844
1185,0.05217475267168845
1186,0.005130331477068318
1187,0.02334006941531306
1188,0.00822159689129159
1189,0.0031989318162627
1190,0.006943638626246925
1191,0.023935178169403427
1192,0.012196576792908713
1193,0.011723737680313725
1194,0.00504720955930115
1195,0.006560547538566576
1196,0.0052155129894266
1197,0.010440168633212475
1198,0.044721758594418924
1199,0.012669666251319047
1200,0.016330669263286125
1201,0.009423772527418368
1202,0.036806706926248836
1203,0.010604855840001887
1204,0.012826819097061461
1205,0.010475308787694508
1206,0.05324681034440967
1207,0.10151087958929676
1208,0.15263309997052366
1209,0.008514800519614278
1210,0.01238171519020368
1211,0.17566920448068044
1212,0.006022742893484499
1213,0.049900220260586284
1214,0.022677836420575255
1215,0.0059947841436474
1216,0.027716062448021838
1217,0.0039814601075136
1218,0.01806619792487001
1219,0.027277259489592438
1220,0.15006677947574526
1221,0.0117107416931729
1222,0.013030972196108378
1223,0.07507461719598883
1224,0.012926615389056286
1225,0.10125208443284982
1226,0.16908141627718803
1227,0.006328822368267547
1228,0.010137263408033012
1229,0.03924769199174895
1230,0.05299379103272832
1231,0.014004685083320161
1232,0.053314605754084046
1233,0.009565132936230777
1234,0.010124996596769825
1235,0.003909575404504333
1236,0.018942438039112552
1237,0.008373385904628794
1238,0.014295435403598327
1239,0.005384389561115298
1240,0.003451704379215367
1241,0.023748265580320588
1242,0.017143425154687208
1243,0.023287691501938938
1244,0.02186523996616818
1245,0.0153824598003962
1246,0.019492878258826715
1247,0.01251512242479926
1248,0.014447863418872232
1249,0.04676276836387893
1250,0.010698304136520845
1251,0.007374071492861963
1252,0.007342727442493194
1254,0.007810628778231267
1255,0.0037139125637758
1256,0.00140118902924005
1257,0.026413864813587686
1258,0.00424437997752525
